Model,Price
1131-24S,71
1131-29S,73
1133-24S,76
1133-29S,78
1140E-24S,71
1140E-29S,73
1144E-24S,71
1144E-29S,73
1145BLK,26
1147BLK,34
1147RED,34
1147WHT,34
1148BLK,35
1148RED,35
1148WHT,35
1149BLK,40
1149RED,40
1149WHT,40
1155BLK,42
1155RED,42
1155WHT,42
1156BLK,42
1156RED,42
1156WHT,42
1157BRW,46
1157RED,46
1178BLK,58
1178RED,58
1178WHT,58
1188BK-24,38
1188DB-24,38
1188RD-24,38
1190BU-1,159
1190GY-1,159
1191F1S,73
1191F2S,76
1191F3S,79
1191F4S,80
1191F5S,84
1191F6S,80
1192BE,120
1192BL,120
1192GY,120
1192RN,120
1193F1S,156
1193F2S,161
1193F3S,156
1193F4S,156
1193F5S,156
1193F6S,161
1193F7S,161
1194CH,132
1194IN,132
1194TL,132
1194TP,132
1195F1S,182
1197F2S,181
1200BLK,200
1200BRW,200
1212F1S,153
1212F2S,158
1212F4S,158
1216F1S,211
1217F1S,229
1217F2S,232
1218*2,534
1218*3,683
1218DG-1,149
1218DG-2,246
1218DG*2,534
1218DG-3,288
1218DG*3,683
1218F1S,149
1218F1S-2,246
1218F1S-3,288
1218RN-1,149
1218RN-2,246
1218RN*2,534
1218RN-3,288
1218RN*3,683
1218TL-1,149
1218TL-2,246
1218TL*2,534
1218TL-3,288
1218TL*3,683
1219BU-1,143
1219BU-2,257
1219BU*2,572
1219BU-3,315
1219BU*3,715
1219CH-1,143
1219CH-2,257
1219CH*2,572
1219CH-3,315
1219CH*3,715
1219GY-1,143
1219GY-2,257
1219GY*2,572
1219GY-3,315
1219GY*3,715
1220F1S,156
1220F2S,156
1220F3S,156
1221-1,202
1224F1S,123
1224F2S,123
1224F4S,122
1225-1,197
1233GY,161
1233MD,161
1233RN,161
1233TL,161
1234-1,331
1234-4,168
1242-1,274
1245F2S,202
1249F1S,97
1255F1S,62
1257F1S,318
1260F1S,205
1260F2S,205
1266F1S,224
1267GY,178
1270F1S,222
1270F2S,222
1270F3S,222
1277F1S,147
1277F2S,147
1279F2S,143
1279F3S,143
1280BE,146
1280GY,146
1281BEG-2,156
1281BRW-2,156
1281BUE-2,156
1281RED-2,156
1281TEL-2,156
1282GY-1,174
1288-301,180
1288-305,141
1288-307,179
1292-1,147
1294BR-1,170
1294GY-1,170
1296F1S,189
1296F2S,189
1297BU-1,148
1297GY-1,148
1349-1*,273
1349-1*4,733
1349-1*5,970
1349-4,108
1349-5,289
1349-6,63
1349-9,236
1349F-1*,256
1349K-1EK*,348
1349K-1EK*5,1044
1349T-1*,225
1349T-1*4,685
1349T-1*5,921
1356BK-1*,205
1356BK-1*4,604
1356BK-15,190
1356BK-1*5,819
1356BK-4,83
1356BK-5,247
1356BK-6,70
1356BK-9,214
1356C-6,70
1356C-9,214
1356FBK-1*,193
1356FPRBK-R*,336
1356FPRBK-T*,342
1356FW-1*,193
1356KBK-1CK*,258
1356KW-1EK*,260
1356PRBK-R,94
1356PRBK-T,99
1356PRW-R,94
1356TBK-1*,179
1356TBK-1*4,579
1356TBK-1*5,793
1356TC-1*,179
1356TPRBK-R*,302
1356TPRBK-T*,308
1356TPRW-3,46
1356TW-1*,179
1356W-4,83
1356W-6,70
1356W-9,214
1372-24,60
1372-36,257
1372-36*5,495
1372-40,375
1372-78,247
1372-78*5,461
1372S,54
1379S,54
1385-1*,339
1385-1*4,978
1385-1*5,1289
1385-4,146
1385-5,405
1385-6,88
1385-7*,703
1385-9,311
1385F-1*,320
1385K-1EK*,387
1386-1*,299
1386-10,162
1386-10*,474
1386-11,313
1386-11C,61
1386-12,246
1386-1*4,833
1386-1*5,1102
1386-4,143
1386-5,309
1386-6,82
1386-7,301
1386-9,269
1386D*,247
1386DNC,142
1386F-1*,253
1386F-1*4,788
1386F-1*5,1056
1386FNC-1*,251
1386FPP-1*,394
1386NC-1*,299
1386NC-10,162
1386NC-10*,474
1386NC-11,313
1386NC-11C,67
1386NC-1*4,833
1386NC-1*5,1102
1386NC-4,143
1386NC-5,309
1386NC-6,82
1386NC-7,301
1386NC-9,269
1386PPNC-R,143
1386PP-R,143
1386T-1*,218
1386T-1*4,752
1386T-1*5,1021
1386TNC-1*,218
1386TNC-1*4,752
1386TNC-1*5,1021
1386TPP-1*,348
1386TPP-1*4,882
1386TPP-1*5,1151
1386TPPNC-1*,348
1386TPPNC-1*4,882
1386TPPNC-1*5,1151
1390-1*,788
1390-1*4,1864
1390-1*5,2133
1390-4,268
1390-5,616
1390-6,192
1390K-1EK*,893
1390S,129
1393BK-24,53
1393BK-36,246
1393BK-36*5,458
1393BK-48*,195
1393BK-48*5,393
1393BK-50,352
1393BK-78,239
1393BK-78*5,437
1393BK-78*7,536
1393BKS,50
1394-04,139
1394-05,174
1394-1*,832
1394-108,405
1394-108*7,1240
1394-11,435
1394-1*4,1829
1394-1*5,2323
1394-30,196
1394-4,288
1394-40,536
1394-5,572
1394-6,137
1394-9,494
1394A,145
1394K-1EK*,964
1394K-1EK*4,1961
1394K-1EK*5,2455
1394KN-1EK*,964
1394N-1*,832
1394N-11,448
1394N-1*4,1850
1394N-1*5,2363
1394N-4,302
1394N-5,580
1394N-6,137
1394N-9,513
1394S,136
1402-1*,447
1402-11,364
1402-1*4,1142
1402-1*5,1500
1402-4,151
1402-5,431
1402-6RT,91
1402-6SW,113
1402-9,357
1402K-1EK*,520
1402K-1EK*4,1215
1402K-1EK*5,1572
1402KW-1EK*,519
1402LP-1*,476
1402LP-1*4,1149
1402LP-1*5,1506
1402LPK-1EK*,550
1402SL-1*,774
1402SL-1*4,1447
1402SL-1*5,1804
1402SLK-1EK*,879
1402SLK-1EK*4,1551
1402SLK-1EK*5,1702
1402SLK-1EK*9,1908
1402W-11,364
1402W-4,151
1402W-5,431
1402W-6SW,113
1422-1*,270
1422-1*4,751
1422-1*5,1011
1422-4,108
1422-5,306
1422-6,67
1422-9,260
1422K-1EK*,358
1422K-1EK*4,839
1422K-1EK*5,1100
1600-1*,381
1600-1*3,899
1600-1*4,1032
1600-1*5,1367
1600-4,133
1600-5,428
1600-6,90
1600-9,335
1600K-1EK*,462
1603-1*,620
1603-1*3,1221
1603-1*4,1434
1603-1*5,1830
1603-4,213
1603-5,475
1603-6,126
1603-9,396
1603K-1EK*,766
1604-1*,282
1604-1*3,645
1604-1*4,760
1604-1*5,1049
1604-4,115
1604-5,303
1604-6,60
1604-9,289
1604F-1*,272
1604F-1*4,85
1604F-1*5,127
1604K-1EK*,363
1604K-1EK*4,92
1604K-1EK*5,134
1605-1*,429
1605-1*4,1057
1605-1*5,1385
1605-4,170
1605-5,380
1605-6,79
1605-9,328
1605K-1EK*,539
1606-1*,432
1606-1*4,1020
1606-1*5,1316
1606-4,157
1606-5,342
1606-6,90
1606-9,296
1606K-1EK*,522
1704-04,161
1704-05,270
1704-1*,620
1704-108,540
1704-108*5,1116
1704-108*7,1434
1704-11,411
1704-1*4,1638
1704-1*5,2106
1704-30,272
1704-4,233
1704-5,638
1704-50,689
1704-50*,1305
1704-55,616
1704-6,146
1704-60,514
1704-60*5,1090
1704-9,468
17049-1,566
17049-2,780
17049*2,1713
17049-3,933
17049*3,2278
1704A,159
1704K-1EK*,702
1704S,144
1706-1*,234
1706-1*4,757
1706-1*5,1049
1706-4,116
1706-5,343
1706-6,63
1706-9,292
1706F-1*,226
1706FLED-1*,268
1706K-1EK*,289
1706KLED-1EK*,339
1706LED-1*,281
1706LED-1*4,804
1706LED-1*5,1096
1707-1*,339
1707-1*4,942
1707-1*5,1287
1707-4,162
1707-5,371
1707-6,70
1707-9,345
1707K-1EK*,387
1707KNP-1EK*,413
1707NP-1*,375
1707NP-1*4,993
1707NP-1*5,1338
1707NP-6,85
1708-1*,231
1708-1*4,699
1708-1*5,957
1708-4,110
1708-5,290
1708-6,69
1708-9,258
1708BK-1*,231
1708BK-1*4,699
1708BK-1*5,957
1708BK-4,110
1708BK-5,290
1708BK-6,69
1708BK-9,258
1708F-1*,212
1708FBK-1*,212
1708K-1EK*,271
1708KBK-1EK*,271
1708T-1*,181
1708T-1*4,649
1708T-1*5,907
1708TBK-1*,181
1711-1*,327
1711-1*4,798
1711-1*5,1081
1711-4,115
1711-5,296
1711-6,61
1711-9,283
1711F-1*,303
1711K-1EK*,387
1714BK-1*,428
1714BK-1*4,922
1714BK-1*5,1171
1714BK-4,122
1714BK-5,300
1714BK-6,72
1714BK-9,249
1714KBK-1EK*,519
1714KW-1EK*,519
1714W-1*,428
1714W-1*4,922
1714W-1*5,1171
1714W-4,122
1714W-5,300
1714W-6,72
1714W-9,249
1715-1*,374
1715-12,275
1715-1*4,972
1715-1*5,1313
1715-24,72
1715-36,327
1715-36*5,616
1715-4,122
1715-5,389
1715-50,129
1715-50*,598
1715-55,469
1715-6,88
1715-9,341
1715-94,426
1715-94*5,744
1715-BH,192
1715K-1EK*,433
1715S,79
1717-1*,416
1717-11,307
1717-1*4,1171
1717-1*5,1609
1717-4,154
1717-5,481
1717-6,119
1717-9,439
1717K-1EK*,484
1718GY-1*,428
1718GY-1*4,922
1718GY-1*5,1171
1718GY-4,122
1718GY-40,477
1718GY-5,300
1718GY-6,72
1718GY-9,249
1718GY-90,297
1718GY-90*5,547
1718GYS,62
1718KGY-1EK*,519
1718NC-1*,428
1718NC-1*4,922
1718NC-1*5,1171
1718NC-4,122
1718NC-5,300
1718NC-6,72
1718NC-9,249
1718KNC-1EK*,519
1719-1*,394
1719-1*4,824
1719-1*5,1072
1719-4,106
1719-5,263
1719-6,62
1719-9,248
1719K-1EK*,600
1721-1*,432
1721-1*4,1042
1721-1*5,1397
1721-4,156
1721-5,372
1721-6,82
1721-9,355
1721K-1EK*,514
1722-1*,360
1722-1*4,1049
1722-1*5,1434
1722-4,149
1722-5,348
1722-6,92
1722-9,331
1722K-1EK*,396
1723-1*,476
1723-1*4,1268
1723-1*5,1628
1723-4,191
1723-5,500
1723-6,101
1723-9,360
1723K-1EK*,579
1726-1*,491
1726-1*4,1145
1726-1*5,1455
1726-4,153
1726-5,382
1726-6,119
1726-9,310
1726K-1EK*,557
1727KN-1EK*,253
1727N-1*,215
1727N-1*4,674
1727N-1*5,907
1727N-4,107
1727N-5,298
1727N-6,53
1727N-9,233
1728-1*,320
1728-1*4,979
1728-1*5,1258
1728-4,146
1728-5,444
1728-6,70
1728-9,279
1728K-1EK*,399
1729-1*,401
1729-1*4,1142
1729-1*5,1535
1729-4,181
1729-5,447
1729-6,113
1729-9,393
1729K-1EK*,461
1730-1*,183
1730-1*4,637
1730-1*5,894
1730-4,104
1730-5,288
1730-6,63
1730-9,257
1730GY-1*,183
1730GY-1*4,637
1730GY-1*5,894
1730GY-4,104
1730GY-5,288
1730GY-6,63
1730GY-9,257
1730K-1EK*,252
1730KGY-1EK*,252
1733-1*,223
1733-1*4,704
1733-1*5,967
1733-4,108
1733-5,300
1733-6,73
1733-9,263
1733K-1EK*,264
1737KNC-1EK*,574
1737KNGY-1EK*,552
1737KW-1EK*,567
1737NC-1*,476
1737NC-11,309
1737NC-1*4,1111
1737NC-1*5,1429
1737NC-4,150
1737NC-5,385
1737NC-6,100
1737NC-9,319
1737NGY-1*,456
1737NGY-11,296
1737NGY-1*4,1045
1737NGY-1*5,1328
1737NGY-4,133
1737NGY-5,374
1737NGY-6,82
1737NGY-9,283
1737W-1*,467
1737W-11,302
1737W-1*4,1087
1737W-1*5,1399
1737W-4,146
1737W-5,377
1737W-6,97
1737W-9,312
1740-1*,275
1740-11,224
1740-1*4,836
1740-4,127
1740-5,354
1740-6,79
1740PL-1*,378
1740PL-1*4,939
1743-1*,392
1743-1*4,967
1743-1*5,1269
1743-4,132
1743-5,367
1743-6,76
1743-9,302
1743K-1EK*,478
1744-01,109
1744-04,66
1744-05,104
1744-1*,357
1744-1*4,905
1744-1*5,1244
1744-4,134
1744-5,340
1744-6,74
1744-9,339
1744K-1EK*,408
1745-1*,337
1745-1*4,841
1745-1*5,1184
1745-4,82
1745-5,323
1745-6,99
1745-9,343
1745K-1EK*,388
1745K-1EK*4,120
1745K-1EK*5,165
1746-1*,326
1746-4,125
1752-1*,437
1752-1*4,1003
1752-1*5,1316
1752-4,134
1752-5,361
1752-6,71
1752-9,313
1752K-1EK*,533
1753-1*,357
1753-1*4,777
1753-1*5,987
1753-4,95
1753-5,272
1753-6,53
1753-9,210
1753K-1EK*,425
1755-1*,362
1755-1*4,839
1755-1*5,1106
1755-4,111
1755-5,288
1755-6,78
1755-9,267
1755K-1EK*,423
1756-1*,189
1756-1*4,698
1756-1*5,957
1756-4,115
1756-5,332
1756-6,62
1756-9,259
1756K-1EK*,252
1757-1*,593
1757-1*4,1538
1757-1*5,1960
1757-4,267
1757-5,530
1757-6,149
1757-9,422
1757K-1EK*,694
1758-1,113
1758T-1,94
1759-1,115
1759T-1,95
1761-1,113
1761T-1,94
1762-1*,275
1762-1*4,652
1762-1*5,867
1762-4,82
1762-5,251
1762-6,43
1762-9,214
1762K-1EK*,351
1766-1*,261
1766-1*4,799
1766-1*5,1073
1766-4,137
1766-5,320
1766-6,81
1766-9,274
1766K-1EK*,308
1768-1*,277
1768-1*4,823
1768-1*5,1100
1768-4,142
1768-5,328
1768-6,75
1768-9,277
1768K-1EK*,343
1769-1*,333
1769-1*4,778
1769-1*5,1034
1769-4,103
1769-5,272
1769-6,70
1769-9,255
1769K-1EK*,405
1778-1*,500
1778-1*4,1085
1778-1*5,1419
1778-4,133
1778-5,371
1778-6,81
1778-9,334
1778K-1EK*,597
1779-1*,264
1779-1*4,868
1779-1*5,1188
1779-4,135
1779-5,391
1779-6,79
1779-9,319
1779K-1EK*,344
17807*,65
17809*,90
17811*,118
17813*,150
178-2WAY,5
178-4WAY,5
1788-1*,421
1788-1*4,972
1788-1*5,1261
1788-4,143
1788-5,338
1788-6,70
1788-9,289
1788K-1EK*,520
1790-1*,245
1790-1*4,774
1790-1*5,1108
1790-4,101
1790-5,359
1790-6,69
1790-9,334
1790K-1EK*,277
1799-1*,378
1799-1*4,1072
1799-1*5,1433
1799-4,168
1799-5,423
1799-6,104
1799-9,361
1799K-1EK*,456
1806-6,60
1808-112*,519
1808-112*5,922
1808-112*7,1146
1808-40,548
1808-50,645
1808-50*,1139
1808-55,494
1808A,112
1808S,101
1810-1*,238
1810-1*4,688
1810-1*5,942
1810-4,102
1810-5,288
1810-6,60
1810-9,254
1810F-1*,224
1810K-1EK*,298
1810T-1*,196
1810T-1*4,646
1810T-1*5,900
1811FW-1*,195
1811KW-1EK*,255
1811W-1*,200
1811W-1*4,758
1811W-1*5,1068
1811W-4,125
1811W-5,366
1811W-6,67
1811W-9,310
1821-1*,494
1821-1*4,1125
1821-1*5,1452
1821-4,149
1821-5,385
1821-6,97
1821-9,327
1821K-1EK*,595
1824-1*,651
1824-112*,613
1824-112*5,1029
1824-112*7,1263
1824-1*4,1484
1824-1*5,1827
1824-4,200
1824-40,538
1824-5,479
1824-50,668
1824-50*,1146
1824-55,477
1824-6,154
1824-9,343
1824A,117
1824K-1EK*,791
1824S,104
1828-04,100
18280-T,474
1828-1*,539
1828-1*4,1416
1828-1*5,1854
1828-4,201
1828-40,419
1828-5,546
1828-50,508
1828-50*,679
1828-55,171
1828-6,124
1828-6LN,130
1828-9,438
1828-92,377
18289-2,727
18289*2,1590
1828-92*5,879
1828-92*7,1160
18289-3,863
1828A,141
1828K-1EK*,632
1828S,125
1831KP-1,159
1831P-1,137
18320-T,450
1832-1*,569
1832-1*4,1336
1832-1*5,1777
1832-4,162
1832-5,499
1832-6,107
1832-9,441
1832K-1EK*,661
1834-1*,486
1834-1*4,1025
1834-1*5,1303
1834-4,128
1834-5,334
1834-6,76
1834-9,279
1834K-1EK*,585
1837-6,105
1839-1*,263
1839-11,285
1839-4,146
1839-6,78
1839K-1EK*,323
1844DC-1*,422
1844DC-1*4,935
1844DC-1*5,1197
1844DC-4,118
1844DC-5,309
1844DC-6,86
1844DC-9,262
1844FDC-1*,393
1844KDC-1EK*,534
1845-1*,362
1845-1*4,1006
1845-1*5,1339
1845-4,144
1845-5,402
1845-6,97
1845-9,333
1845K-1EK*,434
1845KLED-1EK*,514
1845LED-1*,438
1845LED-1*4,1126
1845LED-1*5,1459
1845LED-6,140
1846-1*,269
1847-1*,710
1847-11,408
1847-1*4,1851
1847-1*5,2366
1847-4,272
1847-5,711
1847-6N,157
1847-9,515
1852-1*,249
1852-11,211
1852-1*4,738
1852-1*5,1036
1852-4,124
1852-5,307
1852-6,58
1852-9,298
1852K-1EK*,326
1855-1*,156
1855-1*4,489
1855-1*5,646
1855-4,72
1855-5,221
1855-6,40
1855-9,158
1855K-1EK*,203
1856-1*,161
1856-1*4,499
1856-1*5,669
1856-4,75
1856-5,222
1856-6,41
1856-9,170
1856F-1*,152
1856FNG-1*,154
1856K-1EK*,199
1856KNG-1EK*,199
1856NG-1*,162
1856NG-1*4,499
1856NG-1*5,671
1856NG-4,75
1856NG-5,220
1856NG-6,41
1856NG-9,172
1856T-1*,130
1856T-1*4,468
1856T-1*5,639
1856TNG-1*,133
1857-1*,205
1857-4,104
1857K-1EK*,259
1866-1*,497
1866-11,331
1866-1*4,1421
1866-1*5,1867
1866-4,196
1866-5,566
1866-6,161
1866-9,446
1866GY-1*,514
1866GY-1*4,1468
1866GY-1*5,1926
1866GY-4,201
1866GY-5,587
1866GY-6,167
1866GY-9,458
1866K-1EK*,597
1866KGY-1EK*,602
1867-1*,644
1867-102*,643
1867-102*5,1220
1867-102*7,1540
1867-1*4,1814
1867-1*5,2416
1867-4,302
1867-40,557
1867-5,683
1867-50,522
1867-50*,782
1867-55,260
1867-6,184
1867-9,602
1867A,160
1867K-1EK*,760
1867S,144
1869-1*,334
1869-12,261
1869-1*4,836
1869-1*5,1099
1869-4,112
1869-5,294
1869-6,96
1869-9,263
1869K-1EK*,433
1880BUE-1,119
1881FPU-1*,98
1881KPU-1EK*,126
1881PU-1*,107
1881PU-DRL,11
1882FN-1*,192
1882KN-1EK*,232
1882N-1*,206
1882N-DRL,11
1883FN-1*,244
1883KN-1EK*,292
1883N-1*,260
1883N-DRL,11
1884KN-1EK*,255
1884N-DRL,10
1885FN-1*,167
1885KN-1EK*,205
1885N-1*,181
1885N-DRL,11
1888FN-1*,165
1888N-1*,179
1888N-DRL,11
1890FN-1*,111
1890KN-1EK*,144
1890N-1*,123
1890N-DRL,11
1891FN-1*,165
1891KN-1EK*,203
1891N-1*,179
1891N-DRL,11
1894FN-1*,327
1894KN-1EK*,381
1894N-1*,345
1894N-DRL,11
1896FN-1*,126
1896KN-1EK*,189
1896N-1*,136
1901-1*,363
1901-1*4,986
1901-15*,485
1901-1*5,1304
1901-4,142
1901-5,377
1901-6,104
1901-9,318
1904-1*,151
1904-1*4,486
1904-1*5,654
1904-4,85
1904-5,203
1904-6,47
1904-9,168
1904F-1*,145
1904FGY-1*,145
1904GY-1*,151
1904GY-1*4,486
1904GY-1*5,654
1904GY-4,85
1904GY-5,203
1904GY-6,47
1904GY-9,168
1904K-1EK*,211
1904KGY-1,183
1904KGY-1EK*,211
1904T-1*,118
1904T-1*4,453
1904T-1*5,621
1904TGY-1*,118
1905-1*,217
1905-14,40
1905-1*4,722
1905-15*,435
1905-1*5,986
1905-4,114
1905-5,321
1905-6,70
1905-9,264
1905K-1EK*,300
1907-1*,300
1907-1*4,938
1907-1*5,1317
1907-4,135
1907-5,420
1907-6,84
1907-9,379
1907K-1EK*,403
1907KW-1EK*,403
1907W-1*,300
1907W-1*4,938
1907W-1*5,1317
1907W-4,135
1907W-5,420
1907W-6,84
1907W-9,379
1908-1*,160
1908-11,162
1908-1*4,524
1908-1*5,709
1908-4,80
1908-5,239
1908-6,44
1908-9,186
1908K-1EK*,218
1909RF-1*,281
1909RF-1*4,915
1909RF-1*5,1259
1909RF-4,139
1909RF-5,422
1909RF-6,74
1909RF-9,344
1909RFK-1EK*,332
1911-1*,353
1911-1*4,1075
1911-1*5,1473
1911-4,173
1911-5,426
1911-6,121
1911-9,396
1911K-1EK*,423
1912-1*,572
1912-1*4,1588
1912-1*5,2038
1912-4,240
1912-5,611
1912-6,165
1912-9,450
1912K-1EK*,688
1915-04N,43
1915-05N,67
1915-1*,267
1915-10,226
1915-1*4,758
1915-1*5,1057
1915-30N,75
1915-4,70
1915-40,274
1915-5,370
1915-6,51
1915-60,110
1915-60*5,321
1915-9,298
1915F-1*,251
1915K-1EK*,312
1915S,53
1916-07,468
1916-1*,327
1916-14,38
1916-1*4,930
1916-15*,417
1916-1*5,1206
1916-4,140
1916-5,346
1916-50,507
1916-6,118
1916-84,333
1916-84*5,614
1916-9,277
1916BK-1*,329
1916BK-14,38
1916BK-1*4,935
1916BK-15*,417
1916BK-1*5,1212
1916BK-4,140
1916BK-5,346
1916BK-6,120
1916BK-9,277
1916BK-FBH,87
1916F-1*,316
1916-FBH,87
1916FBK-1*,320
1916GY-1*,327
1916GY-14,37
1916GY-1*4,930
1916GY-15*,417
1916GY-1*5,1206
1916GY-4,140
1916GY-5,346
1916GY-6,118
1916GY-9,277
1916GY-FBH,87
1916K-1EK*,390
1916KBK-1EK*,392
1916KGY-1EK*,390
1916S,70
1918-1*,489
1918-11,369
1918-1*4,1318
1918-1*5,1741
1918-4,196
1918-5,510
1918-6,123
1918-9,423
1918K-1EK*,553
1919-1*,795
1919-1*4,1971
1919-1*5,2521
1919-4,289
1919-5,718
1919-6,169
1919-9,550
1919K-1EK*,909
1919KNC-1EK*,968
1919NC-1*,838
1919NC-14,72
1919NC-1*4,2016
1919NC-15*,603
1919NC-1*5,2565
1919NC-4,289
1919NC-5,720
1919NC-6,169
1919NC-9,549
1924-1*,235
1924-1*4,743
1924-4,124
1924-5,328
1924-6,57
1927-1*,395
1927-1*4,1040
1927-1*5,1396
1927-4,162
1927-5,409
1927-6,74
1927-9,356
1927K-1EK*,483
1928-1*,272
1928-14,36
1928-1*4,787
1928-15*,358
1928-1*5,1039
1928-4,123
1928-40,356
1928-5,308
1928-6,85
1928-78,227
1928-78*5,499
1928-9,251
1928F-1*,248
1928K-1EK*,345
1928S,68
1933-1*,559
1933-1*4,1225
1933-1*5,1544
1933-4,145
1933-5,417
1933-6,104
1933-9,319
1933K-1EK*,656
1935-04,190
1935-05,243
1935-110*,745
1935-110*5,1264
1935-110*7,1553
1935-30,245
1935-4,287
1935-5,681
1935-50,728
1935-50*,1477
1935-55,749
1935-6,159
1935-76*,600
1935-76*5,1119
1935-9,591
19359-1,632
19359-2,902
19359*2,1921
19359-3,1019
19359*3,2553
1935A,144
1935PN-1*,588
1935PN-1*4,1716
1935PN-1*5,2307
1935PNK-1EK*,663
1935S,130
1936-1*,151
1936-1*4,455
1936-1*5,614
1936-4,69
1936-5,199
1936-6,37
1936-9,159
1936F-1*,146
1936K-1EK*,214
1936T-1*,124
1936T-1*4,428
1936T-1*5,586
1937-1*,297
1937-4,144
1937-5,385
1937K-1EK*,387
1941BK-1*,311
1941BK-1*4,890
1941BK-1*5,1168
1941BK-4,160
1941BK-5,337
1941BK-6,82
1941BK-9,278
1941KBK-1EK*,396
1944-1*,365
1944-1*4,1022
1944-1*5,1353
1944-4,169
1944-5,398
1944-6,90
1944-9,332
1946-1*,562
1946-1*4,1340
1946-1*5,1750
1946-4,204
1946-5,468
1946-6,107
1946-9,410
1946K-1EK*,662
1947-1*,524
1947-1*4,1156
1947-1*5,1490
1947-4,148
1947-40,384
1947-5,386
1947-50,444
1947-50*,619
1947-55,175
1947-6,98
1947-9,334
1947-96,408
1947-96*5,793
1947-96*7,1002
1947A,104
1947K-1EK*,621
1947S,96
1949-1*,291
1949-1*4,736
1949-1*5,971
1949-4,94
1949-5,271
1949-6,81
1949-9,234
1949K-1EK*,366
1952-1*,224
1952-1*4,678
1952-1*5,935
1952-4,107
1952-5,290
1952-6,56
1952-9,257
1952K-1EK*,265
1955-1*,135
1955-1*4,463
1955-1*5,638
1955-4,69
1955-5,220
1955-6,40
1955-9,175
1955F-1*,127
1955K-1EK*,158
1955T-1*,114
1955T-1*4,442
1955T-1*5,617
1957-1*,313
1957-1*4,860
1957-1*5,1143
1957-4,131
1957-5,347
1957-6,69
1957-9,283
1957K-1EK*,388
1958-1*,375
1958-14,57
1958-1*4,973
1958-15*,513
1958-1*5,1290
1958-4,156
1958-40,411
1958-5,353
1958-50,524
1958-50*,866
1958-55,342
1958-6,89
1958-9,317
1958-96,351
1958-96*5,710
1958-96*7,909
1958A,100
1958K-1EK*,491
1958S,91
1961-1*,177
1961-1*4,526
1961-1*5,687
1961-4,74
1961-5,238
1961-6,36
1961-9,162
1961K-1EK*,237
1961RF-1N*,191
1961RFK-1N*,246
1966-1*,667
1966-1*4,1397
1966-1*5,1799
1966-4,175
1966-5,458
1966-6,97
1966-9,402
1966K-1EK*,775
1967KW-1EK*,268
1967W-1*,205
1967W-1*4,604
1967W-1*5,776
1967W-4,73
1967W-5,236
1967W-6,90
1967W-9,172
1968-1*,180
1968-1*4,545
1968-1*5,731
1968-4,87
1968-5,234
1968-6,44
1968-9,185
1968F-1*,175
1968K-1EK*,222
1977-1*,249
1977-1*4,782
1977-1*5,1038
1977-4,128
1977-5,334
1977-6,72
1977-7,467
1977-9,256
1977F-1*,235
1977K-1EK*,314
1977T-1*,208
1977T-1*4,742
1977T-1*5,998
1978KW-1EK*,633
1978W-1*,533
1978W-112,472
1978W-112*5,941
1978W-112*7,1194
1978W-1*4,1404
1978W-1*5,1839
1978W-4,226
1978W-5,495
1978W-50,659
1978W-50*,1151
1978W-55,492
1978W-6,151
1978W-9,435
1978WA,127
1978WS,117
1990-1*,292
1990-1*4,839
1990-1*5,1116
1990-4,127
1990-5,337
1990-6,82
1990-9,277
1990K-1EK*,352
1990RF-1N*,312
1990RF-1N*3,743
1990RF-1N*4,875
1990RF-1N*5,1162
1990RF-4,132
1990RF-5,345
1990RF-6,86
1990RF-9,286
1990RFK-1EKN*,376
2014FBK-1-3A,94
2014FSV-1-3A,97
2015FBK-1-3A,97
2019TW-1*,200
2019W-4,83
2020FBK-1,78
2020FBK-1-3A,95
2020TBK-1,58
2020TBK-1-3A,71
2021FW-1,78
2021FW-1-3A,94
2021TW-1,58
2021TW-1-3A,71
2024-1HB,65
2024T-1HB,57
2025-1HB,65
2025T-1HB,57
2026PU-1HB,65
2026TPU-1HB,59
2039FW-1*,237
2039TW-1*,194
2039TW-1*4,630
2039TW-1*5,850
2039W-4,93
2039W-5,249
2039W-6,93
2039W-9,220
2042-1*,152
2042-1*4,454
2042-1*5,630
2042-4,65
2042-5,195
2042-6,42
2042-9,175
2042F-1*,135
2042T-1*,108
2042T-1*4,411
2042T-1*5,586
2046-1*,197
2046-1*4,594
2046-15,170
2046-1*5,827
2046-4,86
2046-5,238
2046-6,73
2046-9,234
2046F-1*,186
2046K-1EK*,237
2046T-1*,155
2046T-1*4,552
2046T-1*5,785
2047FBK-1,78
2047TBK-1,58
2048FW-1,78
2048TW-1,58
2049F-1,98
2049T-1,77
2050F-1,98
2050T-1,77
2051FBK-1,78
2051TBK-1,58
2052FW-1,78
2052TW-1,58
2100K-1EK*,150
2111-11,362
2111-15,150
2111-4,150
2111-40,311
2119BK-1*,216
2119BK-1*4,689
2119BK-15,220
2119BK-1*5,949
2119BK-4,104
2119BK-5,306
2119BK-6,63
2119BK-9,261
2124-1*,373
2124-1*4,939
2124-1*5,1227
2124-4,134
2124-5,331
2124-6,101
2124-9,288
2124K-1EK*,456
2135-1*,497
2135-11,355
2135-1*4,1150
2135-30,133
2135-4,146
2135-5,419
2135-6,88
2135K-1EK*,570
2145-1*,131
2145-1*4,449
2145-1*5,615
2145-4,73
2145-5,206
2145-6,39
2145-9,165
2145F-1*,130
2145K-1EK*,168
2145T-1*,101
2145T-1*4,419
2145T-1*5,584
2146-1*,121
2146-1*4,455
2146-1*5,608
2146-4,67
2146-5,223
2146-6,44
2146-9,154
2146K-1EK*,174
2147-1*,141
2147-12,149
2147-1*4,423
2147-1*5,571
2147-4,63
2147-5,184
2147-6,36
2147-9,147
2147BK-1*,141
2147BK-12,149
2147BK-1*4,423
2147BK-1*5,571
2147BK-4,63
2147BK-5,184
2147BK-6,36
2147BK-9,147
2147F-1*,145
2147FBK-1*,145
2147FSG-1*,147
2147FW-1*,145
2147FW-3,30
2147K-1EK*,210
2147KBK-1EK*,210
2147KSG-1EK*,216
2147KW-1EK*,210
2147KW-3EK,34
2147SG-1*,142
2147SG-12,149
2147SG-1*4,429
2147SG-1*5,577
2147SG-4,64
2147SG-5,185
2147SG-6,37
2147SG-9,149
2147T-1*,125
2147T-1*4,407
2147T-1*5,555
2147TBK-1*,125
2147TBK-1*4,407
2147TBK-1*5,555
2147TSG-1*,129
2147TSG-1*4,415
2147TSG-1*5,564
2147TW-1*,125
2147TW-1*4,407
2147TW-1*5,555
2147W-1*,141
2147W-12,149
2147W-1*4,423
2147W-1*5,571
2147W-4,63
2147W-5,184
2147W-6,36
2147W-9,147
21590-B,69
2159-1*,526
2159-11,295
2159-1*4,1164
2159-1*5,1503
2159-4,158
2159-5,396
2159-6,83
2159-9,339
2159F-1*,471
2159K-1EK*,633
2159S,79
2168-1*,744
2168-108*,641
2168-108*5,1448
2168-108*7,1852
2168-11,430
2168-1*4,1839
2168-1*5,2373
2168-4,268
2168-40,635
2168-40M,178
2168-5,669
2168-50,792
2168-50*,1443
2168-55,651
2168-6,157
2168-9,534
2168A,202
2168K-1EK*,881
2168KWW-1EK*,909
2168WW-1*,756
2168WW-118*,686
2168WW-118*5,1533
2168WW-118*7,1957
2168WW-1*4,1857
2168WW-1*5,2392
2168WW-4,272
2168WW-40,657
2168WW-40*,832
2168WW-40M,175
2168WW-5,674
2168WW-50,787
2168WW-50*,1431
2168WW-55,644
2168WW-6,155
2168WW-9,534
2168WWA,212
2169-11,395
2169-4,268
2169-5,679
2169-6,132
2169-9,490
2169SL-1*,785
2169SL-1*4,1863
2169SL-1*5,2353
2169SLK-1EK*,897
2220-1*,128
2220-1*4,389
2220-1*5,529
2220-4,56
2220-5,171
2220-6,33
2220-9,140
2220DBR-1*,128
2220DBR-1*4,387
2220DBR-1*5,527
2220DBR-4,56
2220DBR-5,171
2220DBR-6,32
2220DBR-9,139
2220F-1*,121
2220FDBR-1*,121
2220K-1EK*,174
2220KDBR-1EK*,174
2220T-1*,105
2220T-1*4,366
2220T-1*5,506
2220TDBR-1*,105
2220TDBR-1*4,364
2220TDBR-1*5,504
2243-1*,551
2243-11,375
2243-114*,529
2243-114*5,1002
2243-114*7,1255
2243-1*4,1411
2243-1*5,1829
2243-4,202
2243-5,513
2243-50,633
2243-50*,1112
2243-55,480
2243-6,144
2243-76*,505
2243-76*5,978
2243-76*7,1231
2243-9,417
2243A,126
2243K-1EK*,664
2243S,118
2243SL-1*,546
2243SL-1*4,1406
2243SL-1*5,1823
2243SLK-1EK*,667
2259GY-1*,504
2259GY-1*4,1070
2259GY-1*5,1354
2259GY-4,146
2259GY-5,338
2259GY-6,82
2259GY-9,285
2259KGY-1EK*,588
2262BK-1*,365
2262BK-4,120
2262BK-6,64
2262KBK-1EK*,459
2299-4,131
2299-5,357
2299-6,76
2299-9,303
2299KW-1EK*,328
2299W-1*,250
2299W-1*4,814
2299W-1*5,1117
2423-24,44
2423-36,179
2423-36*5,356
2425-36,259
2434-48,55
2434-48*5,184
2434S,32
2447*,128
2447*5,278
2447WS,38
2456-13,66
2456-24,49
2456-36,277
2456-36*5,472
2456-40,236
2456-64,223
2456-64*5,398
2456-64*6,464
2456-64WM,187
2456-64WM*5,357
2456S,44
2458,243
2458-36,252
2459,341
2466-48*,242
2466-48*5,566
2466S,81
2469,233
2477-13,63
2477-78,195
2477-78*5,384
2477-78*6,446
2477S,47
2479-24BRS,99
2479-24GRS,99
2479-24RDS,99
2479-29BRS,100
2479-29CRS,100
2479-29GRS,100
2479-29RDS,100
2479-42*,184
2479-42*5BRS,585
2479-42*5CRS,585
2479-42*5GRS,585
2479-42*5RDS,585
2505BK-36,194
251-04,291
2513,345
2514BK-36,274
2515-13,87
2515-50,461
2515-96,313
2515-96*5,515
2515-96*6,603
2515-96*7,616
2515S,51
2516-48*,245
2516-48*5A,662
2516A,104
2524-24,49
2524-36*,222
2524-36*5,418
2526-96*,400
2526-96*5,778
2526-96*7,967
2526S,95
2528-13,69
2528-64*,191
2528-64*5,395
2528-64*6,464
2528S,51
2529-13,69
2529-64,236
2529-64*5,442
2529-64*6,511
2529S,51
2538-13,61
2538-60,121
2538-60*5,289
2538-60*6,350
2538S,42
2544-13,65
2544-64,152
2544-64*5,327
2544-64*6,392
2544S,44
2546-40,353
2546-40*,542
2546-40M,190
2546-50,460
2546-50*,754
2546-55,293
2546-96,290
2546-96*5,564
2546-96*7,710
2546A,73
2546S,68
2547-72,153
2547-72*5,348
2547S,49
2549-13,94
2549-78*,332
2549-78*5,635
2549-78*6,729
2549S,76
2558,249
2568-48,183
2568-48*5,403
2568BRS,55
2588-40,430
2588-92*,476
2588-92*5,788
2588-92*7,944
2588S,78
2601-15,83
2601-24,25
2601-31,102
2601-36,73
2601-36*5,173
2601-48,62
2601-48*5,149
2601S,22
2611-36*,293
2615DC-04*,92
2615DC-04RT*,87
2615DC-05RT*,128
2615DC-1*,569
2615DC-11,318
2615DC-1*4,1232
2615DC-1*5,1581
2615DC-24,84
2615DC-30RT*,120
2615DC-36*,279
2615DC-36*5,616
2615DC-4,185
2615DC-40,422
2615DC-5,401
2615DC-50,450
2615DC-50*,825
2615DC-55,374
2615DC-6,77
2615DC-9,349
2615DC-96*,302
2615DC-96*5,621
2615DC-96*7,792
2615DCA,85
2615DCS,80
2615KDC-1EK*,698
2615RFA-NN,84
2615RFS-NN,79
2617N-24,56
2617N-36,307
2617N-36*5,529
2867-1,212
2867F-1,197
2867K-1EK,253
292B-1*,552
292B-1*4,1239
292B-1*5,1601
292B-4,162
292B-5,437
292B-6,89
292B-9,362
292BK-1EK*,601
2952-04N,66
2952-05,88
2952-30,101
3205-04,78
3205-30*,106
3216B-05,71
3216B-31,168
3217PU*,271
3219-04,87
3219PU-01,282
3219PU-01SH,241
3219PU-30,236
3224N-04,74
3224N-05,173
3224N-16,180
3224N-17,242
3224N-30,117
3226-04,73
3226-05,111
3226-30,137
3228-04,99
3228-05,177
3228-12,156
3228-15,236
3228-30,223
3256RF-02,57
3256RF-04,79
3256RF-30,183
3257RF-02,76
3257RF-04,94
3257RF-30,174
3270-24S1BK,59
3270-24S1W,59
3270-36,154
3270-36*5S1BK,389
3270-36*5S1W,389
3270-48,116
3270-48*5S1BK,328
3270-48*5S1W,328
3270-60,141
3270-60*5S1BK,353
3270-60*5S1W,353
3270-S1BK,53
3270-S1W,53
3276-04,95
3276-24CR,53
3276B-24,51
3276BS,44
3276N-60,144
3276N-60*5,318
3276R-24,51
3276RS,44
3276S-CR,44
3276Y-24,51
3276YS,44
3292-01,219
3292-04,57
3292-05,128
3299-01,218
3299-04,122
3299-05,148
3401-30*,234
3401W-04*,96
3401W-05*,143
3401W-30*,131
3427-04,93
3436-04,85
3438-04,115
3447-04,60
3447-30,158
3467-04*,120
3467-30*,182
3501-15,215
3508-04,66
3508-05,88
3508-30,97
3526-04,190
3526-05,268
3526-30,292
3533-04,117
3533-05,194
3533-30,205
3534-04,99
3534-05,143
3534-30,171
3547-04,132
3547-05,161
3547-30,193
3551-04,125
3551-05,164
3551-30,174
3552-04,115
3552-05,159
3552-30,164
3561-31*,177
3568-04,78
3578-04,98
3579-04,85
35800-T,122
3580-31,137
3581-04,143
35810-T60,306
3581-30,240
3583-04,111
3583-30,164
3587-04,84
3587-30,154
3588-04,57
3588-30,136
3590-04,71
3590-05,142
35900-64T,324
3590-15,222
3590-22,228
3590-30,153
3593-01*,134
3593-04*,94
3600-31,201
3602-04,80
3602-05,121
3602-30,105
3604-31,71
3605-31,67
36060-16,90
36060-17,109
3606-04,50
36060-51T,133
36060-63T,152
36060-76T,178
36060-BS,35
36060-ST,33
3606-15,81
3606-18,102
3606-30,70
3607-04,67
3607-30,93
3608-01,151
3608-04,92
3608SV-01,151
3608SV-01XL,190
3608SV-04,92
3612-31,212
3613-04,103
3613-30,131
3614-01,248
3614-04,79
3614-05,114
3616-01,163
3617-30,155
3618-04,142
3618-05,179
3618-1*,583
3618-1*3,1196
3618-1*4,1387
3618-1*5,1579
3618-1*9,1837
3618-30,200
3618-4,191
3618-5,498
3618-6,115
3618-9,450
3618K-1EK*,668
3619-31,140
3623-31,119
4087-04,72
4087-30,107
4500-F1,47
4500-F2,47
4500-F3,47
4501-F1,109
4501-F2,109
4502FA,155
4503PU,188
4506PU,124
4507-F1,83
4507-F2,83
4508-PH,50
4508-SH,40
4514-15,90
4516-15,182
4516-15C,81
4517,435
4519-15,215
4520,423
4521,423
4526,82
4529M,124
4530M,56
4534,144
4542,147
4543M,116
4546-16,191
4547-22*,218
4549,410
4555BU,122
4555GY,122
4555NV,122
4558-15,236
4558-16,221
458B-PU,130
459B-PU,195
4602PU,111
4605BK,98
4605GY,97
4611PU,91
4614-F1,88
4614-F3,88
4617-04,142
4634M,153
4637M,144
4645M,165
4663,195
4687BLK,223
4687WHT,223
4688BLK,271
4688WHT,271
468CP,155
468F25S,98
468F6S,97
468F7S,97
468PU,141
4690-F2,90
4690-F3,90
4690-F4,90
4692-13,99
4698GY-07,131
4699GY-07,124
469PU,93
470PU,198
471FA-1S,110
471LP,102
471NF,101
471PPE,95
471PU,95
471RED,95
471TPE,95
4723BK,44
4723BL,44
4723RD,44
4723RN,44
4723WT,44
4727PU,185
4728AK,50
4728BK,50
4728ES,50
4730NF,111
4730PPE,95
4730PU,95
4730RED,95
4730TPE,95
4732PU,188
4738PU,97
4740BG,127
4741FA,105
4742PU,109
4791PU,175
4802MFR,293
4803BLK*,322
4809CH,249
4823BR,135
4823GP,135
4829DB*,212
4829LN*,221
4838*,289
4949BK*,169
4949DBR*,168
4950*,196
4950GY*,200
4956PU*,245
4956PU*RF,253
4960DB-NT,167
4961DB-NT,207
4962DB-NT,237
4964BK-NT,125
4965W-NT,129
4966*,310
4966BR*,305
4966DG*,305
4967BK-NT,171
4968BK-NT,198
4969BU*,190
4969CH*,190
4969GY*,190
4969RD*,190
4969RN*,190
4970*,280
4971*,315
4972*,227
4974*,325
4975*,200
4976*,283
4977GY,196
5021-54*,289
5021-54*5BES,528
5021-54*5DBS,528
5021BES,60
5021DBS,60
5023-36,240
5023-78,254
5023-78*5,469
5023-90*,329
5023-90*5S2,534
5023S,54
5023-S2,51
5034BUES,49
5034REDS,49
5034RUTS,49
5034YLWS,49
5035BLK-18,27
5035BLK-24,36
5035BLK-29,42
5035SVE-18,27
5035SVE-24,36
5035SVE-29,42
5035WHT-18,27
5035WHT-24,36
5035WHT-29,42
5038-48,62
5038-48*5,148
5038S,22
5039-48,70
5039-48*5,223
5039S,38
5048-72,231
5048-72*5,538
5048S,77
5050-36,270
5052-118*,538
5052-118*5,1007
5052-118*7,1262
5052-50,495
5052-50*,880
5052-55,385
5052A,127
5052S,117
5055-50,362
5055-50*,717
5055-55,355
5055-82,317
5055-82*5,605
5055-82*7,762
5055A,79
5055S,72
5056-40,263
5056-78,243
5056-78*5,485
5056-78*7,614
5056A,64
5056S,61
5067,268
5070-13,66
5070-64,244
5070-64*5,428
5070-64*6,494
5070S,46
5079BK-66,180
5079BK-66*5,338
5079BKS,39
50990-T,164
5099-15,208
5099-16,160
5099-17,231
5099-22,235
5100-84*,389
5100-84*5S3,675
5100-84*7S3,818
5100-S3,72
5103,253
5104,273
5105S,46
5106BK,82
5108-40,432
5108-84,316
5108-84*5,591
5108S,69
5109-40,349
5109-82*,296
5109-82*5,500
5109S,51
5115-40,354
5115-92*,299
5115-92*5,590
5115-92*7,736
5115A,73
5123-50,447
5123-50*,723
5123-55,276
5123-96*,418
5123-96*5,751
5123-96*7,939
5123A,94
5123S,83
5136-78*,326
5145W-40,331
5145W-78,291
5145W-78*5,530
5145WS,60
5147BK-78,254
5147BK-78*5,438
5147BKS,46
5148BKS,42
5149-24,33
5149-36*,69
5149-36*5,194
5149-48*,68
5149-48*5,183
5149S,31
5155S,27
5162WW-24,47
5162WW-36,124
5162WW-36*5,312
5163-48,95
5163-48*5,275
5163S,45
5165GY-48,115
5165GY-48*5,293
5165GYS,45
5167-50,468
5167-50*,900
5167-55,432
5167-96*,361
5167-96*5FS,655
5167FS,73
5177-04,112
5177-05,169
5177-30,194
5177-54,313
5177-54*5,629
5177-84,375
5177-84*5,692
5177S,79
5178-60,151
5178-60*5BRS,318
5178-60*5GYS,318
5178BRS,42
5178GYS,42
5179-13,100
5179-40,387
5179-90*,336
5179-90*5S2,615
5179-90*6S2,715
5179-S2,70
5235-54*,236
5235-54*5,462
5235S,57
5249-59*,153
5249-59*5,299
5249-S2,37
5251-108*,411
5251-108*5,797
5251S,96
5261S-2P,67
5267RF-04,112
5267RF-05,153
5267RF-30,162
5267RF-50,465
5267RF-50*,907
5267RF-55,443
5267RF-96*,366
5267RF-96*5,652
5267RF-96*7,861
5267RFA,104
5267RFS,71
5268-48*,60
5268-48*5,144
5268S,21
5271S,75
5275,153
5280-64,274
5281S,45
5285-13,71
5285-64,159
5285-64*5,345
5285-64*6,416
5285S,46
5302A,147
5302A-18,20
5302A-24,23
5302A-29,26
5302BK,147
5302BK-18,20
5302BK-24,23
5302BK-29,26
5302C,147
5302C-18,20
5302C-24,23
5302C-29,26
5309-3A,137
5310C-MTL,104
5322A,21
5322N,21
5327-48,141
5327-48*5,340
5327S,50
5328-40,390
5328-45RD*,243
5328-45RD*5,513
5328-96*,430
5328-96*5,697
5328-96*7,832
5328S,68
5333A,36
5333C,36
5346-36,277
5350PU-24,37
5351-24,52
5351-24BH,52
5351-24CR,152
5351-24TS,113
5351-36*,178
5351-36*5,508
5351-36*6,660
5372-72,272
5372-72*5,499
5372S,57
5375S,55
539KW-1EK*,238
5400-04,78
5400-05,101
5400-07,412
5400-1*,362
5400-13,87
5400-1*4,917
5400-1*5,1203
5400-24,54
5400-24BH,90
5400-24SW,74
5400-30,108
5400-36XL*,364
5400-36XL*5,579
5400-36XL*5SW,660
5400-4,131
5400-5,352
5400-50,340
5400-50*,727
5400-55,387
5400-6,72
5400-9,286
5400-94*,345
5400-94*5,552
5400-94*6,639
5400-94*7,668
5400A,58
5400K-1EK*,432
5400S,52
5404-54,278
5404-54*5PUS,554
5404PUS,69
5409-78,255
5409-78*5,570
5409RF-40,411
5409S,79
5411RF-40,325
5411RF-82,255
5411RF-82*5,454
5411RFS,50
54150RF*3,1064
54150RF-68T,460
54150RF-S*,302
5415RF-04,136
5415RF-1*,280
5415RF-13,122
5415RF-1*4,906
5415RF-15*,354
5415RF-16*,190
5415RF-17*,350
5415RF-18,198
5415RF-1*9,1236
5415RF-30,254
5415RF-4,148
5415RF-40,414
5415RF-5,386
5415RF-6,92
5415RF-78*,325
5415RF-78*5,560
5415RF-78*6,682
5415RF-9,329
5415RFK-1EK*,373
5415RFS,59
5423-66,148
5423-66*5,349
5423S,50
5424-1*,373
5424-13,81
5424-1*3,839
5424-1*4,1047
5424-1*5,1404
5424-4,207
5424-40,400
5424-5,385
5424-6,82
5424-78*,334
5424-78*5,585
5424-78*7,742
5424-9,358
5424A,78
5424K-1EK*,450
5424S,63
5425-24,65
5425-36,223
5425-36*5,483
5425-40,371
5425-90,243
5425-90*5,487
5425S,61
5428-04,131
5428-05,194
5428-30,214
5428-40,421
5428-45RD*,259
5428-45RD*5S1,533
5428-45RD*5S2,582
5428-45RD*5S3,630
5428-84*,400
5428-84*5S1,674
5428-84*5S2,723
5428-84*5S3,771
5428-84*7S1,811
5428-84*7S2,885
5428-84*7S3,957
5428-S1,69
5428-S2,81
5428-S3,93
5429-24,62
5429-24ST,49
5429-36,155
5429-36*5,403
5429-36*5ST,352
5429-36RD,133
5429-36RD*5,381
5429-36RD*5ST,330
5430-04,58
5430-30,89
5430-60,169
5430-60*5,352
5430S,46
5431-14,110
5431-24,58
5431-24BH,142
5431-36,276
5431-36*5,510
5431-36*6,652
5431-40,380
5431-77*,321
5431-77*5,543
5431-77*6,652
5431S,55
5435-24,64
5435-24SW,73
5435-36*,321
5435-36*5,578
5435-36*5SW,611
5438-04,114
5438-05,145
5438-1*,411
5438-1*4,926
5438-14A,188
5438-15,268
5438-18,164
5438-19,478
5438-1*5,1199
5438-30,148
5438-4,129
5438-40,487
5438-5,323
5438-6,63
5438-9,273
5438-96*,365
5438-96*5,635
5438-96*6,823
5438K-1EK*,474
5438S,68
5438-SW,140
5445-60*,121
5445-60*5,238
5445BKS,29
5447-24FAS,82
5447-24S,84
5447-29FAS,85
5447-29S,87
5447-36*,229
5447-36*5,565
5447-36XL*,324
5447-36XL*5,660
5447-40,395
5448-78*,335
5448-78*5,612
5448S,69
5456,177
5456*5,385
5456S,52
5460-24,35
5460-36,87
5460-36*5,226
5465-66,172
5466-04,83
5466-13,74
5466-30,108
5466-62,228
5466-62*5,423
5466-62*6,498
5466S,49
5468-60,136
5468-60*5,335
5468S,50
5469-04,31
5469-30,51
5469-60,86
5469-60*5,196
5469S,28
5470-13,80
5470-72,243
5470-72*5,453
5470-72*6,533
5470S,52
5473-103*,394
5473-103*5,654
5473-103*7,801
5473-40,351
5473-50,430
5473-50*,852
5473-54*,228
5473-54*5,487
5473-55,422
5473A,74
5473S,65
5477N-40,401
5477N-96,305
5477N-96*5,626
5477N-96*7,797
5477NA,86
5477NS,80
5478-13*,126
5478-72*,382
5478-72*5,624
5478-72*6,750
5478S,61
5479-14*,158
5479-72*,433
5479-72*5,664
5479-72*6,821
5479S,58
5480-14,123
5480-24,72
5480-24BH,127
5480-36,303
5480-36*5,592
5480-36*6,719
5480-40,362
5480-76,316
5480-76*5,569
5480-76*6,691
5480S,63
5488-24,37
5488-36RD*,162
5488-36RD*5,309
5489-24,37
5489-36*,146
5489-36*5,295
5491-48*,156
5491-48*5A,399
5491A,61
5492-40,352
5492-52,154
5492-52*5,395
5492S,60
5494-106*,489
5494-106*5,1088
5494-106*7,1411
5494-40,570
5494-76*,347
5494-76*5,945
5494A,162
5494S,150
5496-13,68
5496-40,408
5496-78,275
5496-78*5,509
5496-78*6,577
5496S,58
5503*,303
5503*5,513
5503S,52
5504-40,454
5504-78,254
5504-78*5,459
5504-78*7,562
5504S,51
5509-92*,287
5509-92*5,534
5509-92*7,673
5509A,70
5509S,62
5510-24,53
5510-66,143
5510-66*5,333
5510S,48
5511,331
5511-36,250
5512-31,143
5512-66,149
5512-66*5,289
5512S,35
5513-64,125
5513-64*5,322
5513S,49
5514-72*,242
5514-72*5BU,579
5514-72*5CH,579
5514-72*5GY,579
5514-72*5RD,579
5514BUS,84
5514CHS,84
5514GYS,84
5514RDS,84
5515GY,78
5515GY*5,184
5515GYS,26
5516-66,153
5516-66*5BKS,330
5516-66*5BMS,330
5516-66*5TLS,330
5516-66*5WTS,330
5516BKS,44
5516BMS,44
5516TLS,44
5516WTS,44
5517-40,376
5517-78*,332
5517-78*5A,626
5517A,73
5518-40,336
5518-78*,320
5518-78*5,512
5518S,48
5520-13,77
5520-40,308
5520-78,279
5520-78*5,505
5520-78*6,582
5520S,57
5525-36,274
5525-36*5,544
5525-36*6,676
5525-40,384
5525-72,287
5525-72*5,524
5525DG-24,68
5525DG-24BH,132
5525DGS,59
5527-102*,489
5527-102*5,724
5527-102*6,822
5527-14,98
5527-40,496
5527S,59
5530-50,459
5530-78*,290
5530-78*5,532
5530-78*7,668
5530A,68
5530S,60
5531-112*,632
5531-112*5,1057
5531-112*7,1292
5531-50,748
5531-50*,1271
5531-55,522
5531A,117
5531S,106
5532-24,32
5532-36*,88
5532-36*5,214
5536-102,298
5536-102*5,554
5536-102*7,693
5536-50,457
5536-50*,738
5536-55,280
5536A,69
5536S,64
5538BK*,51
5538BK*5,123
5538BKS,18
5538W*,52
5538W*5,124
5538WS,18
5543-04,210
5543-05,266
5543-30,264
5544-13,91
5544-40,342
5544-72,289
5544-72*5,531
5544-72*6,622
5544S,61
5545-112*,413
5545-112*5,716
5545-112*5A,820
5545-112*7,919
5545-112*7A,1023
5545-40,416
5545A,102
5545S,76
5546-50,403
5546-50*,728
5546-55,325
5546-84,296
5546-84*5,583
5546S,72
5547-13,57
5547-24,48
5547-24BH,95
5547-36,182
5547-36*5,374
5547-40,303
5547-78,184
5547-78*5,368
5547S,46
5548-13,78
5548-72,211
5548-72*5,446
5548A,96
5548S,59
5550-24,23
5550-32,108
5553-01,161
5553-04,108
5553-05,147
5554-04,132
5554-05,184
5554-30,219
5555-13*,150
5555-40,426
5555-72*,328
5555-72*5,607
5555A,70
5556-04,127
5556-05,149
5556-30,175
5559N-14A,206
5559N-40,504
5559N-96*,394
5559N-96*5,679
5559NS,71
5560-04,162
5560-05,226
5560-30,271
5562-40,484
5562-96*,347
5562-96*5,639
5562RF-54*,249
5562RF-54*5A2,767
5562RF-A2,129
5562S,73
5566-24BK,48
5566-24BR,48
5566-24GY,48
5566-24RD,48
5566-24WT,48
5566-29BK,51
5566-29BR,50
5566-29GY,50
5566-29RD,50
5566-29WT,50
5566-36*,147
5566-36*5,338
5566-36*5BR,338
5566-36*5GY,338
5566-36*5RD,338
5566-36*5WT,338
5568-40,331
5568-78,185
5568-78*5,378
5568-78*7,491
5568A,57
5568S,48
5569-40,341
5569-78,220
5569-78*5,414
5569-78*7,524
5569A,55
5569S,49
5572,200
5573,200
5575,128
5575*5,336
5575S,52
5576RD*,135
5576RD*5,310
5576S,44
5577GY-72*,262
5577GY-72*5GY,430
5578-32,146
5580-40,425
5580-95,388
5580-95*5,642
5580S,64
5581-13,75
5581-40,413
5581-54,317
5581-54*5,559
5581-84*,361
5581-84*5,603
5581A,84
5581S,61
5584,82
5584*5,310
5584S,57
5585-40,302
5585-78,281
5585-78*5,504
5585S,56
5589-13,76
5589-40M,374
5589-90*,326
5589-90*5,583
5589S,64
5592,155
5595GY-87,201
5595GY-87*5,335
5595GYS,33
5597-53*,237
5597-53*5,491
5597WTS,63
5599-71*,253
5599-71*5,401
5599S,37
5600-24,31
5600-36RD*,109
5600-36RD*5,232
5602-24BK,58
5602-24WT,58
5602-36,246
5602-36*5BK,479
5602-36*5WT,479
5603-24,33
5603-36,155
5603-36*5,286
5604-24,33
5604-36,130
5604-36*5,262
5604-40,208
5606-31,188
5606-45RD,156
5606-45RD*5,357
5606S,50
5607-24,28
5607-36RD,98
5607-36RD*5,211
5608-76,127
5608-76*5,283
5608S,39
5609-48*,296
5609-48*5,639
5609A,86
5613,142
5613*5,330
5613S,47
5614-13,46
5614-72,167
5614-72*5,348
5614S,45
5626-70,189
5626-70*5,396
5626S,52
5627W-13,61
5627W-24,57
5627W-36*,271
5627W-36*5,500
5627W-40,337
5627W-72,252
5627W-72*5,464
5627WS,53
5673GY-40,351
5673GY-84,250
5673GY-84*5,474
5673GY-84*7,603
5673GYA,64
5673GYS,56
571PE-1*,278
5787-1*,241
5789BK-1*,190
5789BK-DRL,11
5789FBK-1*,177
5789FN-1*,197
5789KBK-1EK*,210
5789KN-1EK*,237
5789N-1*,207
5789N-DRL,11
5790-1*,117
5790-4,66
5790F-1*,111
5790K-1EK*,171
5794T-1,61
5794T-1-3A,71
5794TAK-1,61
5794TAK-1-3A,71
5797N-1*,184
5797N-DRL,11
5799FPU-1*,275
5799KPU-1EK*,326
5799PU-1*,295
5799PU-DRL,11
5857FNGY-1*,341
5857NGY-DRL,11
586,209
586-13,86
586-14,96
586-24,47
586-36,232
586-36*5,419
586-40,331
586*5,390
586-60,266
586-60*5,447
586-76,231
586-76*5,412
586-76*7,503
586-82,238
586-82*5,419
586-82*7,509
586GY-14,84
586GY-40,323
586GY-82,233
586GY-82*5,414
586GY-82*6,498
586GY-82*7,504
586GYS,45
586S,45
5872KN-1EK*,252
5872N-1*,221
5873KN-1EK*,279
5873ME-BH,131
5873N-1,116
5873N-1*,238
5873N-BH,131
5873N-ST,66
5874FGY-1*,173
5874FNV-1*,173
5874FTE-1*,173
5874GY-1*,184
5874KGY-1EK*,214
5874KNV-1EK*,214
5874KTE-1EK*,214
5874NV-1*,186
5874TE-1*,186
5875BE-1*,262
5875BR-1*,262
5875FBE-1*,245
5875FBR-1*,245
5875FGY-1*,245
5875GY-1*,262
5875KBE-1EK*,310
5875KBR-1EK*,310
5875KGY-1EK*,310
5876-2DW,101
5876BE-1*,226
5876BE-1DW*,327
5876BR-1*,226
5876BR-1DW*,327
5876F-2DW,94
5876FBE-1*,216
5876FBE-1DW*,310
5876FBR-1*,216
5876FBR-1DW*,310
5876FGY-1*,216
5876FGY-1DW*,310
5876GY-1*,226
5876GY-1DW*,327
5876K-2DW,117
5876KBE-1EK*,259
5876KBE-1EKDW*,375
5876KBR-1EK*,259
5876KBR-1EKDW*,375
5876KGY-1EK*,259
5876KGY-1EKDW*,375
5876NRBE-1*,343
5876NRGY-1*,343
5876NRKBE-1EK*,397
5876NRKGY-1EK*,397
5877-2DW,101
5877BE-1*,258
5877BE-1DW*,359
5877BR-1*,258
5877BR-1DW*,359
5877F-2DW,94
5877FBE-1*,247
5877FBE-1DW*,340
5877FBR-1*,247
5877FBR-1DW*,340
5877FGY-1*,247
5877FGY-1DW*,340
5877GY-1*,258
5877GY-1DW*,359
5877K-2DW,117
5877KBE-1EK*,292
5877KBE-1EKDW*,408
5877KBR-1EK*,292
5877KBR-1EKDW*,408
5877KGY-1EK*,292
5877KGY-1EKDW*,408
5877NRBE-1*,377
5877NRGY-1*,377
5877NRKBE-1EK*,437
5877NRKGY-1EK*,437
5880DB-1,158
5880FDB-1,148
5880KDB-1EK,193
5882-1,137
5882F-1,128
5882K-1EK,177
5885-1*,251
5885F-1*,235
5885K-1EK*,305
5887-1*,219
5887F-1*,203
5887K-1EK*,254
5888-1*,312
5888F-1*,292
5888K-1EK*,358
626-24,60
626-24SW,72
626-36*,314
626-36*5,554
626-36*5SW,601
626-40,338
6403,274
6409,252
6412,138
6414*,277
6468,310
7063-04,66
710-04*,112
710-05*,118
710-24,62
710-24W,62
710-30*,140
710-36RD*,259
710-36RD*5,507
710-36RD*5W,507
710-40,338
710-54*,249
710-54*5S,472
710-54*5WS,472
710-72*,257
710-72*5,479
710-72*5WS,479
710-72*7,590
710-72*7WS,590
710-72TR*,309
710-72TR*5S,531
710-72TR*5WS,531
710S,56
710WS,56
727-24,64
727-36,204
727-36*5,462
727-40,272
727-72,218
727-72*5,454
727-72*7,572
727S,59
7656R,96
76N,13
8004*3,452
8004-S,157
8004-T,138
8014*,701
8014-B,92
8014-L,192
8014-R,192
8014-T,225
8018C-P,203
8019-T,289
8046-T,146
8047-T,146
8049-T,196
8059-T,181
8060-T,187
8077-T,185
8079-04,75
8079-30,99
813-4,89
813-6,52
815BKPU-1,129
815K-1,110
815KN-1,112
815N-1,85
815TBKPU-1,73
815TN-1,65
815TPU-1,101
8200BRW-1,382
8200BRW-1PW,442
8200BRW-2,675
8200BRW*2,1400
8200BRW-2PW,795
8200BRW*2PW,1640
8200BRW-3,725
8200BRW*3,1781
8200BRW-3PW,845
8200BRW*3PW,2081
8201BLK-1,205
8201BLK-2,434
8201BLK*2,885
8201BLK-3,451
8201BLK*3,1090
8201BRW-1,205
8201BRW-2,434
8201BRW*2,885
8201BRW-3,451
8201BRW*3,1090
8202CH-2,175
8202CH*2,384
8202CH-3,210
8202CH*SC,464
8202GRY-2,175
8202GRY*2,384
8202GRY-3,210
8202GRY*SC,464
8203GY-1,165
8203GY-2,242
8203GY*2,549
8203GY-3,308
8203GY*3,714
8203RD-1,165
8203RD-2,242
8203RD*2,549
8203RD-3,308
8203RD*3,714
8204-1,182
8204-2,278
8204*2,627
8204-3,350
8204*3,809
8205BR-1,141
8205CH-1,141
8206BRW-1,256
8206BRW-2,484
8206BRW*2,999
8206BRW-3,514
8206BRW*3,1254
8206NF-1,256
8206NF-2,484
8206NF*2,999
8206NF-3,514
8206NF*3,1254
8207-1,255
8207-2,386
8207*2,838
8207-3,452
8207*3,1093
8208-3SC,314
8209BR-3SC,314
8210GRY-1,235
8210GRY-2,447
8210GRY*2,907
8210GRY-3,461
8210GRY*3,1143
8211*,556
8211-A,237
8211-B,319
8212*6,1160
8212-AC,154
8212-AR,178
8212-CN,78
8212-CR,284
8212-LR,233
8212-RR,233
8213-1,159
8214BRW-1,158
8215BJ-1,167
8215GY-1,167
8216DG-1,170
8216DG-2,255
8216DG*2,562
8216DG-3,307
8216DG*3,732
8216DG*SC,629
8216SD-1,170
8216SD-2,255
8216SD*2,562
8216SD-3,307
8216SD*3,732
8219-1,147
8219-2,217
8219*2,490
8219-3,273
8219*3,637
8219-30*,92
8222-1LT,260
8223BK-1PW,434
8223BK-2PW*,718
8223BK*2PW,1615
8223BK-3AC,178
8223BK-3PW*,897
8223BK*3PW,2049
8223BK-LRPW,359
8223BK-RRPW,359
8223DB-1PW,434
8223DB-2PW*,718
8223DB*2PW,1615
8223DB-3AC,178
8223DB-3PW*,897
8223DB*3PW,2049
8223DB-LRPW,359
8223DB-RRPW,359
8224DG-1,163
8224DG-2,243
8224DG*2,569
8224DG-3,326
8224DG*3,733
8224TN-1,163
8224TN-2,243
8224TN*2,569
8224TN-3,326
8224TN*3,733
8225-1,186
8225-2,300
8225*2,646
8225-3,346
8225*3,832
8225-4,73
8225NGY-1,186
8225NGY-2,300
8225NGY*2,646
8225NGY-3,346
8225NGY*3,832
8225NGY-4,73
8226DB*2A3C,816
8226DB-4,113
8226DB*4,642
8226DB*5,755
8226DB*6,929
8226DB-AC,147
8226DB-CR,174
8226GY*2A3C,816
8226GY-4,113
8226GY*4,642
8226GY*5,755
8226GY*6,929
8226GY-AC,147
8226GY-CR,174
8228BU*,677
8228TP*,677
8229*6PW,1304
8229*7PW,1393
8229-AC,145
8229-ARPW,226
8229-CN,89
8229-CR,276
8229DG*6PW,1304
8229DG*7PW,1393
8229DG-AC,145
8229DG-ARPW,226
8229DG-CN,89
8229DG-CR,276
8229DG-LRPW,284
8229DG-RRPW,284
8229-LRPW,284
8229-RRPW,284
8230BLK-1,238
8230BLK-2,428
8230BLK*2,876
8230BLK-2L,336
8230BLK-2RCN,425
8230BLK-3,448
8230BLK*3,1114
8230BLK-CR,261
8230BLK*SC,1023
8230BRW-1,238
8230BRW-2,428
8230BRW*2,876
8230BRW-2L,336
8230BRW-2RCN,425
8230BRW-3,448
8230BRW*3,1114
8230BRW-CR,261
8230BRW*SC,1023
8233FA-2,414
8233FA*2,894
8233FA-3,479
8233FA*3,1265
8233FA-5,371
8233TT-2,414
8233TT*2,894
8233TT-3,479
8233TT*3,1265
8233TT-5,371
8234RD-2,419
8234RD*2,895
8234RD-3,476
8234RD*3,1232
8234RD-5,337
8234TT-2,419
8234TT*2,895
8234TT-3,476
8234TT*3,1232
8234TT-5,337
8235GY-1,153
8235GY-2,242
8235GY*2,560
8235GY-3,317
8235GY*3,712
8235GY-L,206
8235GY-R,222
8235GY*SC,428
8235SS-1,153
8235SS-2,242
8235SS*2,560
8235SS-3,317
8235SS*3,712
8235SS*SC,428
8237PU-1PW,205
8238*6LCRR,1216
8238*6LRRC,1216
8238*6LRRR,1130
8238-AC,147
8238-AR,173
8238-CN,78
8238-CR,289
8238-LC,307
8238-LR,221
8238-RC,307
8238-RR,221
8239-1,269
8239-2,373
8239*2,823
8239-3,450
8239*3,1093
8240-1,358
8240-2,579
8240*2,1315
8240-3,736
8240*3,1673
8244BU-1,195
8244BU-2,285
8244BU*2,653
8244BU-3,367
8244BU*3,847
8244RN-1,195
8244RN-2,285
8244RN*2,653
8244RN-3,367
8244RN*3,847
8244SD-1,195
8244SD-2,285
8244SD*2,653
8244SD-3,367
8244SD*3,847
8245BR-1,169
8245BR-2,253
8245BR*2,591
8245BR*2SL,772
8245BR-3,338
8245BR*3,760
8245BR-3SL,520
8245BR*3SL,941
8245GY-1,169
8245GY-2,253
8245GY*2,591
8245GY*2SL,772
8245GY-3,338
8245GY*3,760
8245GY-3SL,520
8245GY*3SL,941
8246CR-1,275
8246CR-2,382
8246CR*2,859
8246CR-3,477
8246CR*3,1135
8246GY-1,275
8246GY-2,382
8246GY*2,857
8246GY-3,475
8246GY*3,1132
8248GRY-2,183
8248GRY*2,403
8248GRY-3,220
8250GY-1,166
8250GY-2,249
8250GY*2,560
8250GY-3,311
8250GY*3,726
8250RN-1,166
8250RN-2,249
8250RN*2,560
8250RN-3,311
8250RN*3,726
8255GY-2LCNPHD,533
8255GY-2RCNPHD,533
8255GY*3SCPHD,1336
8255GY-CR,269
8256*,1650
8256GY*,1650
8256GY-LPW,843
8256GY-R,807
8256-LPW,843
8256-R,807
8257BRW-1,204
8257BRW-2,327
8257BRW*2,744
8257BRW-3,417
8257BRW*3,948
8257GRY-1,204
8257GRY-2,327
8257GRY*2,744
8257GRY-3,417
8257GRY*3,948
8258-1,312
8258-2,493
8258*2,1121
8258-3,629
8258*3,1434
8259*6SCPWH,1539
8259-AC,156
8259-ARPW,250
8259-CN,116
8259-CR,347
8259-LRPWH,335
8259-RRPWH,335
8260DB*6PW,1188
8260DB-AC,130
8260DB-ARPW,218
8260DB-CN,73
8260DB-CR,233
8260DB-LRPW,267
8260DB-RRPW,267
8260GY*6PW,1188
8260GY-AC,130
8260GY-ARPW,218
8260GY-CN,73
8260GY-CR,233
8260GY-LRPW,267
8260GY-RRPW,267
8267BE-1,146
8267BU-1,146
8267CH-1,146
8267GY-1,146
8267RN-1,146
8268BR-1,130
8268GY-1,130
8268PU-1,137
8269-1,168
8270-1,177
8277CH*,826
8277CH-4,99
8277CH-L,402
8277CH-R,326
827E-10,225
8289BU-1,171
8289BU-2,262
8289BU*2,584
8289BU-3,323
8289BU*3,756
8289GY-1,171
8289GY-2,262
8289GY*2,584
8289GY-3,323
8289GY*3,756
8300-1PW,469
8300-2LCPW,394
8300-2PW*,789
8300*2PW,1666
8300-2RCPW,394
8300-3LCPW,439
8300-3PW*,877
8300*3PW,2134
8300-3RCPW,438
8303*2,577
8303*3AC,708
8303*3OT,724
8303*4,855
8303-AC,131
8303-LL,288
8303-OT,147
8305FA-1,389
8308-1PW,373
8308-2CNPW*,784
8308-2PW*,650
8308*2PW,1465
8308*35LRC,865
8308-3AC,172
8308*3LC5R,865
8308-3PW*,815
8308*3PW,1838
8308*45LRC,1000
8308*4LC5R,1000
8308*5A,1458
8308*5A1PW,1554
8308*5B,1458
8308*5B1PW,1554
8308*5C,1410
8308*5C1PW,1506
8308-5L,373
8308-5R,373
8308*6A,1593
8308*6A1PW,1689
8308*6B,1593
8308*6B1PW,1689
8308*6C,1545
8308*6C1PW,1641
8308*7C,1680
8308*7C1PW,1776
8308*8A,1896
8308*8A1PW,1991
8308-AC,172
8308-ARPW,263
8308-CN,135
8308-CR,427
8308-LCPW,325
8308-RCPW,325
8312-1,228
8312-2,296
8312DG-1,228
8312DG-2,296
8312DG*2,643
8312DG-3,347
8312DG*3,871
8313-3,951
8318-1PW,395
8318-2CNPW*,882
8318-2PW*,725
8318*2PW,1671
8318*35LRR,1066
8318*3LR5R,1066
8318-3PW*,946
8318*3PW,2066
8318*45LRR,1223
8318*4LR5R,1223
8318*5A,1747
8318*5A1PW,1838
8318*5B,1747
8318*5B1PW,1838
8318*5C,1628
8318*5C1PW,1719
8318-5L,482
8318-5R,482
8318*6A,1905
8318*6A1PW,1995
8318*6B,1905
8318*6B1PW,1995
8318*6C,1785
8318*6C1PW,1876
8318*7C,1943
8318*7C1PW,2034
8318*8A,2284
8318*8A1PW,2374
8318-AC,222
8318-ARPW,312
8318-CN,158
8318-CR,460
8318-LRPW,362
8318-RRPW,362
8323-2,256
8323*2,563
8323-3,307
8324-2,384
8324*2,861
8324-3,477
8325BLK-1,274
8325BLK-2,412
8325BLK*2,924
8325BLK-3,512
8325BLK*3,1198
8325BRW-1,274
8325BRW-2,412
8325BRW*2,924
8325BRW-3,512
8325BRW*3,1198
8326BLK-1,290
8326BLK-2,430
8326BLK*2,965
8326BLK-3,535
8326BLK*3,1255
8326BRW-1,290
8326BRW-2,430
8326BRW*2,965
8326BRW-3,535
8326BRW*3,1255
8327BE-1,164
8327BE-2,269
8327BE*2,581
8327BE-3,313
8327BE*3,745
8327BE-CR,198
8327BE-L,223
8327BE-R,223
8327BE*SC,644
8327BLK-1,164
8327BLK-2,269
8327BLK*2,581
8327BLK-3,313
8327BLK*3,745
8327BLK-CR,198
8327BLK-L,223
8327BLK-R,223
8327BLK*SC,644
8327DBR-1,164
8327DBR-2,269
8327DBR*2,581
8327DBR-3,313
8327DBR*3,745
8327DBR-CR,198
8327DBR-L,223
8327DBR-R,223
8327DBR*SC,644
8327GY-1,164
8327GY-1S,180
8327GY-2,269
8327GY*2,581
8327GY-3,313
8327GY*3,745
8327GY-CR,198
8327GY-L,223
8327GY-R,223
8327GY*SC,644
8327TL-1,164
8327TL-1S,180
8327TL-2,269
8327TL*2,581
8327TL-3,313
8327TL*3,745
8327TL-CR,198
8327TL-L,223
8327TL-R,223
8327TL*SC,644
8328-2,209
8328*2,474
8328-3,265
8329BLK-1,183
8329BLK-2,285
8329BLK*2,647
8329BLK-3,363
8329BLK*3,830
8329BRW-1,183
8329BRW-2,285
8329BRW*2,647
8329BRW-3,363
8329BRW*3,830
8329CH-1,185
8329CH-2,287
8329CH*2,653
8329CH-3,365
8329CH*3,838
8334BLK-1,235
8334BLK-2,423
8334BLK*2,865
8334BLK-3,442
8334BLK*3,1100
8334DBR-1,235
8334DBR-2,423
8334DBR*2,865
8334DBR-3,442
8334DBR*3,1100
8335*3,1006
8335-4,202
8335*4,1167
8335-AC,160
8335-CR,233
8335-LL,387
8335-RL,387
8336*6LCRR,1285
8336*6LRRC,1285
8336*6LRRR,1201
8336-AC,161
8336-AR,183
8336-CN,85
8336-CR,302
8336-LC,319
8336-LR,235
8336-RC,319
8336-RR,235
8337FA-2,573
8337FA-3,679
8347BE-1,142
8355-1PW,494
8355-2PW*,757
8355*2PW,1699
8355-3AC,186
8355-3PW*,942
8355*3PW,2193
8355-LRPW,378
8355-RRPW,378
8367CH*,463
8367CH-3,233
8367CH*3,540
8367CH-4,77
8367CH-5,230
8367TP*,463
8367TP-3,233
8367TP*3,540
8367TP-4,77
8367TP-5,230
8369GY-2LPW,389
8369GY-2RPW,389
8369GY*3,1003
8369GY*4,1224
8369GY-ARPW,221
8369GY-CR,225
8370BRW-1,221
8370BRW-2,456
8370BRW*2,911
8370BRW-3,456
8370BRW*3,1132
8378BLK*,485
8378BLK*3,575
8378BLK-4,90
8378BLK-L,237
8378BLK-R,248
8378BRW*,485
8378BRW*3,575
8378BRW-4,90
8378BRW-L,237
8378BRW-R,248
8378GRY*,485
8378GRY*3,575
8378GRY-4,90
8378GRY-L,237
8378GRY-R,248
8380-1,239
8380-2,361
8380*2,805
8380-3,444
8380*3,1044
8399-1,399
8399-1PW,463
8399-3,741
8401-3SC,320
8401GY-3SC,312
8403-1,194
8403-2,307
8403*2,708
8403-3,401
8403*3,902
8404DB-1,166
8404TP-1,166
8405BJ-1,263
8405BJ-2,393
8405BJ*2,887
8405BJ-3,494
8405BJ*3,1150
8405BJ-3SL,629
8405BJ-4,97
8411-2L,305
8411-2LCN,365
8411-2R,305
8411-2RCN,365
8411*CCCR,974
8411*CLCR,914
8411-CR,243
8411*LCCR,914
8411*LLCR,853
8412-04,236
8412-1,495
8412-2,773
8412*2,1726
8412-3,953
8412*3,2221
8412-30,341
8413GY-1,167
8413GY-2,269
8413GY*2,593
8413GY-3,324
8413GY*3,760
8413TL-1,167
8413TL-2,269
8413TL*2,593
8413TL-3,324
8413TL*3,760
8413YW-1,167
8413YW-2,269
8414DBR-1,274
8414DBR-2,527
8414DBR*2,1097
8414DBR-3,569
8414DBR*3,1370
8427-1,378
8427-2,520
8427*2,1186
8427-3,666
8427*3,1564
8427-CR,376
8427GY-1,361
8427GY-2,493
8427GY*2,1107
8427GY-3,614
8427GY*3,1468
8427-L,589
8427-R,466
8427*SC,1431
8437-1LT,314
8437DBR-1LT,314
8444BLK-2PW,814
8448-CN,94
8448-CR,268
8448-RR,232
845-50,638
8455-2,609
8455*2,1308
8455-3,699
8456-1,526
8456-2,677
8456*2,1446
8456-3,768
8456*3,1972
8458-2,578
8469-1,332
8469-2,450
8469*2,967
8469-3,518
8469*3,1300
8469-5,335
8477-1,414
8477-2,516
8477*2,1125
8477-3,609
8477*3,1538
8477-4,137
8477DB-1,423
8477DB-3,621
8477NF-2,527
8477NF*2,1146
8477NF-3,619
8478-1,298
8478-2,429
8478*2,947
8478-3,519
8478*3,1245
8480BRW-1,278
8480BRW-1PW,317
8480BRW-2,420
8480BRW*2,963
8480BRW-2LCN,416
8480BRW-2LCNPD,517
8480BRW-2PW,524
8480BRW*2PW,1168
8480BRW-2R,344
8480BRW-2RPD,432
8480BRW-3,542
8480BRW*3,1241
8480BRW-3PW,643
8480BRW*3PW,1485
8480BRW*3SC,1055
8480BRW*3SCPD,1233
8480BRW*4SC,1211
8480BRW*4SCPD,1463
8480BRW-AR,155
8480BRW-ARPD,230
8480BRW-CR,296
8480GRY-1,278
8480GRY-1PW,317
8480GRY-2,420
8480GRY*2,963
8480GRY-2LCN,416
8480GRY-2LCNPD,517
8480GRY-2PW,524
8480GRY*2PW,1168
8480GRY-2R,344
8480GRY-2RPD,432
8480GRY-3,542
8480GRY*3,1241
8480GRY-3PW,643
8480GRY*3PW,1485
8480GRY*3SC,1055
8480GRY*3SCPD,1233
8480GRY*4SC,1211
8480GRY*4SCPD,1463
8480GRY-AR,155
8480GRY-ARPD,230
8480GRY-CR,296
8480RED-1,278
8480RED-1PW,317
8480RED-2,420
8480RED*2,963
8480RED-2LCN,416
8480RED-2LCNPD,517
8480RED-2PW,524
8480RED*2PW,1168
8480RED-2R,344
8480RED-2RPD,432
8480RED-3,542
8480RED*3,1241
8480RED-3PW,643
8480RED*3PW,1485
8480RED*3SC,1055
8480RED*3SCPD,1233
8480RED*4SC,1211
8480RED*4SCPD,1463
8480RED-AR,155
8480RED-ARPD,230
8480RED-CR,296
8490*6LCRR,1259
8490*6LRRC,1259
8490*6LRRR,1179
8490*8LRRR,1450
8490-AC,160
8490-AR,188
8490-CN,83
8490-CR,277
8490FBR*6LCRR,1257
8490FBR*6LRRC,1257
8490FBR*6LRRR,1176
8490FBR-AC,160
8490FBR-AR,188
8490FBR-CN,83
8490FBR-CR,277
8490FBR-LC,315
8490FBR-LR,234
8490FBR-RC,315
8490FBR-RR,234
8490-LC,315
8490-LR,235
8490-RC,315
8490-RR,235
8500BLK-1,225
8500BLK-2,352
8500BLK*2,776
8500BLK-3,425
8500BLK*3,1002
8500GRY-3,425
8507BE-1,204
8509-1LT,336
8511BK-1,158
8511BK-2,234
8511BK*2,535
8511BK-3,301
8511BK*3,694
8511TP-1,165
8511TP-2,241
8511TP*2,551
8511TP-3,311
8511TP*3,717
8518-1,121
8518-2,192
8518*2,449
8518-3,257
8518*3,570
8524BK-1,269
8524BK-2,491
8524BK*2,983
8524BK-3,492
8524BK*3,1252
8524BK-CN,60
8524BK-LC,235
8524BK-RC,235
8524RD-1,269
8524RD-2,491
8524RD*2,983
8524RD-3,492
8524RD*3,1252
8524RD-CN,60
8524RD-LC,235
8524RD-RC,235
8545-1LT,322
8548BLK-1,212
8548BRW-1,212
8555BLK-1,119
8555WHT-1,119
8579DB-1,174
8579DB-2,253
8579DB*2,571
8579DB-3,318
8579DB*3,745
8588BRW-3,325
866KNC-1EK*,347
866NC-1*,286
866NC-1*4,794
866NC-1*5,1073
866NC-4,108
866NC-5,305
866NC-6,95
866NC-9,279
9600-2L,400
9600-2R,319
9600*3,997
9600*4,1126
9600-AC,129
9600-CR,278
9603BLK-1,291
9603BLK-2,409
9603BLK*2,882
9603BLK-3,473
9603BLK*3,1173
9603WHT-1,291
9603WHT-2,409
9603WHT*2,882
9603WHT-3,473
9603WHT*3,1173
9606*5AC,1184
9606*5AR,1216
9606*6,1392
9606-AC,176
9606AH*5AC,1215
9606AH-AC,180
9606AH-CN,83
9606AH-CR,313
9606AH-LR,272
9606AH-LRPW,325
9606AH-RC,367
9606AH-WD,380
9606-AR,208
9606-CN,79
9606-CR,307
9606-LR,264
9606-RC,359
9616BRW-1,224
9616BRW-2,326
9616BRW*2,751
9616BRW-3,425
9616BRW*3,975
9616CN-1,232
9616CN-3,432
9619DB-1,180
9619DB-2,257
9619DB*2,581
9619DB-3,323
9619DB*3,760
9636-1,228
9636-2,452
9636*2,921
9636-3,469
9636*3,1149
9636CC-1,228
9636CC-2,452
9636CC*2,921
9636CC-3,469
9636CC*3,1149
9639-1,160
9639-2,236
9639*2,548
9639-3,312
9639*3,708
9668BLK-1,253
9668BLK-1PW,301
9668BLK-2,483
9668BLK*2,964
9668BLK-2PW,577
9668BLK*2PW,1168
9668BLK-3,480
9668BLK*3,1216
9668BLK-3PW,591
9668BLK*3PW,1468
9668BRW-1,253
9668BRW-1PW,301
9668BRW-2,483
9668BRW*2,964
9668BRW-2PW,577
9668BRW*2PW,1168
9668BRW-3,480
9668BRW*3,1216
9668BRW-3PW,591
9668BRW*3PW,1468
9668NDB-1,252
9668NDB-2,454
9668NDB*2,918
9668NDB-3,464
9668NDB*3,1170
9668NSD-1,252
9668NSD-2,454
9668NSD*2,918
9668NSD-3,464
9668NSD*3,1170
9669FCP*5,1066
9669FCP-AC,120
9669FCP-CN,78
9669FCP-CR,241
9669FCP-LL,370
9669FCP-RC,257
9700BLK-1,222
9700BLK-1AZ,226
9700BLK-1PW,279
9700BLK-2,340
9700BLK*2,765
9700BLK-2AZ,363
9700BLK*2AZ,799
9700BLK-2PW,457
9700BLK*2PW,994
9700BLK-3,425
9700BLK*3,987
9700BLK-3AZ,436
9700BLK*3AZ,1025
9700BLK-3PW,537
9700BLK*3PW,1273
9700BRW-1,222
9700BRW-1PW,279
9700BRW-2,340
9700BRW*2,765
9700BRW-2PW,457
9700BRW*2PW,994
9700BRW-3,425
9700BRW*3,987
9700BRW-3PW,537
9700BRW*3PW,1273
9700FCP-1,222
9700FCP-1PW,279
9700FCP-2,340
9700FCP*2,765
9700FCP-3,425
9700FCP*3,987
9700FCP-3AZ,436
9700FCP-3PW,537
9701BLK-1,114
9701BLK-2,172
9701BLK*2,394
9701BLK-3,223
9701BLK*3,508
9709CN-AC,145
9715PU-1,126
9715PU-2,201
9715PU*2,461
9715PU-3,260
9715PU*3,587
9723-1,322
9723-2,427
9723*2,906
9723-3,479
9723*3,1228
9724BLK-1,255
9724BLK-2,466
9724BLK*2,941
9724BLK-3,475
9724BLK*3,1196
9724BRW-1,255
9724BRW-2,466
9724BRW*2,941
9724BRW-3,475
9724BRW*3,1196
9734BK-1,175
9734BK-2,252
9734BK*2,572
9734BK-3,319
9734BK*3,747
9734BR-1,184
9734BR-2,262
9734BR*2,593
9734BR-3,330
9734BR*3,775
9734CH-1,184
9734CH-2,262
9734CH*2,593
9734CH-3,330
9734CH*3,775
9734DB-1,175
9734DB-2,252
9734DB*2,572
9734DB-3,319
9734DB*3,747
9734TP-1,175
9734TP-2,252
9734TP*2,572
9734TP-3,319
9734TP*3,747
9739*,721
9739*3,932
9739-4,216
9739CH*,708
9739CH*3,911
9739CH-4,203
9769-1LT,306
9769BR-1LT,306
9778BLK-1,276
9778BLK-2,409
9778BLK*2,911
9778BLK-3,502
9778BLK*3,1187
9789BRG-3LC,307
9789BRG-4,84
9789BU-3LC,307
9789BU-4,84
9789CF-3LC,307
9789CF-4,84
9789DG-3LC,307
9789DG-4,84
9789TL-3LC,307
9789TL-4,84
9801BR-1,174
9801BR-2,299
9801BR*2,680
9801BR-3,381
9801BR*3,854
9801GY-1,174
9801GY-2,299
9801GY*2,680
9801GY-3,381
9801GY*3,854
9802TL-L,370
9802TL-R,348
9802TL*SC,718
9804DV-1PWH,335
9804DV-2PWH,618
9804DV*2PWH,1346
9804DV-3PWH,728
9804DV*3PWH,1681
9805DG-1PW,444
9805DG-2PW,663
9805DG*2PW,1483
9805DG-3PW,820
9805DG*3PW,1926
9807-1S,206
9807GY-2,273
9807GY*2,599
9807GY-3,327
9807GY*3,805
9807TL-2,273
9807TL*2,599
9807TL-3,327
9807TL*3,805
9808-1,293
9808*3,982
9808-L,369
9808-R,320
9808*SC,689
9815-04,130
9815-05,153
9815-1*,389
9815-2*,520
9815*2,1143
9815-2A,278
9815-2B,243
9815-3*,623
9815*3,1532
9815-30,152
9815-3A,353
9815-3B,270
9901CC-1,241
9901CC-2,465
9901CC*2,949
9901CC-3,484
9901CC*3,1190
9903DB-1,251
9903DB-1PW,301
9903DB-2,478
9903DB*2,977
9903DB-2PW,578
9903DB*2PW,1173
9903DB-3,499
9903DB*3,1228
9903DB-3PW,595
9903DB*3PW,1474
9903GY-1,251
9903GY-1PW,301
9903GY-2,478
9903GY*2,977
9903GY-2PW,578
9903GY*2PW,1173
9903GY-3,499
9903GY*3,1228
9903GY-3PW,595
9903GY*3PW,1474
9906BRW-1,230
9906BRW-2,352
9906BRW*2,775
9906BRW-3,424
9906BRW*3,1005
9906GRY-1,230
9906GRY-2,352
9906GRY*2,775
9906GRY-3,424
9906GRY*3,1005
9907BR-1,334
9907BR-2,469
9907BR*2,1065
9907BR-3,596
9907BR*3,1399
9907DG-1,334
9907DG-2,469
9907DG*2,1065
9907DG-3,596
9907DG*3,1399
9909BR-3,248
9909BR-3*,497
9909BR-4,62
9909BR-5,249
9909CH-3,248
9909CH-3*,497
9909CH-4,62
9909CH-5,249
9911DBR-1,264
9911DBR-1PWH,362
9911DBR-2,495
9911DBR*2,1008
9911DBR-2PWH,689
9911DBR*2PWH,1392
9911DBR-3,514
9911DBR*3,1273
9911DBR-3PWH,703
9911DBR*3PWH,1754
9914-1,206
9914-2LCN,331
9914-2RCN,331
9914CH-1,206
9914CH-2LCN,331
9914CH-2RCN,331
9914CH-CR,237
9914CH*SC,900
9914-CR,237
9914*SC,900
9917DB*,470
9917DB-L,211
9917DB-R,259
9919BE-1,170
9919BE-2,269
9919BE*2,595
9919BE-3,325
9919BE*3,765
9919GY-1,170
9919GY-2,269
9919GY*2,595
9919GY-3,325
9919GY*3,765
9920RF-1PWH,333
9920RF-2PWH,588
9920RF*2PWH,1284
9920RF-3PWH,696
9920RF*3PWH,1617
9922CN-1,206
9922CN-2,308
9922CN*2,683
9922CN-3,375
9922CN*3,889
9923DBR*,475
9924DBR*,552
9924DBR*3,719
9924DBR-4,167
9924GRY*,552
9924GRY*3,719
9924GRY-4,167
9928BLK-1,195
9928BLK-2,353
9928BLK*2,713
9928BLK-3,360
9928BLK*3,908
9928DBR-1,195
9928DBR-2,353
9928DBR*2,713
9928DBR-3,360
9928DBR*3,908
9935GY-1,159
9935GY-2,245
9935GY*2,565
9935GY-3,320
9935GY*3,724
9935RD-1,159
9935RD-2,245
9935RD*2,565
9935RD-3,320
9935RD*3,724
9937-1PWH,367
9937-2PWH,618
9937*2PWH,1342
9937-3PWH,724
9937*3PWH,1709
9938GY-1,181
9938GY-2,269
9938GY*2,622
9938GY*2SL,795
9938GY-3,353
9938GY*3,803
9938GY-3SL,526
9938GY*3SL,976
9938SN-1,181
9938SN-2,269
9938SN*2,622
9938SN*2SL,795
9938SN-3,353
9938SN*3,803
9938SN-3SL,526
9938SN*3SL,976
9940BK-1,160
9940BK-2,221
9940BK*2,491
9940BK-3,270
9940BK*3,650
9940DB-1,160
9940DB-2,221
9940DB*2,491
9940DB-3,270
9940DB*3,650
9944SN-1,164
9944SN-2,268
9944SN*2,582
9944SN-3,314
9944SN*3,746
9944TL-1,164
9944TL-2,268
9944TL*2,582
9944TL-3,314
9944TL*3,746
9957CH-2,175
9957CH*2,384
9957CH-3,209
9957CH*SC,464
9957GY-2,175
9957GY*2,384
9957GY-3,209
9957GY*SC,464
9967-3SC,314
9969BK*,819
9969GY*,819
9977BR-1,176
9977BR-2,258
9977BR*2,582
9977BR-3,324
9977BR*3,757
9977FG-1,176
9977FG-2,258
9977FG*2,582
9977FG-3,324
9977FG*3,757
9979BRG-1,95
9979BRG-2,143
9979BRG*2,330
9979BRG-3,187
9979BRG*3,425
9979DGY-1,95
9979DGY-2,143
9979DGY*2,330
9979DGY-3,187
9979DGY*3,425
9979GRY-1,95
9979GRY-2,143
9979GRY*2,330
9979GRY-3,187
9979GRY*3,425
9980-1,267
9980-2,392
9980*2,870
9980-3,479
9980*3,1137
9989DB-1,256
9989DB-2,461
9989DB*2,937
9989DB-3,477
9989DB*3,1194
9990DB-1,212
9990DB-2,405
9990DB*2,853
9990DB-3,448
9990DB*3,1065
9990GY-1,212
9990GY-2,405
9990GY*2,853
9990GY-3,448
9990GY*3,1065
9999DG-1,296
9999DG-2,415
9999DG*2,946
9999DG-3,531
9999DG*3,1241
9999GY-1,296
9999GY-2,415
9999GY*2,946
9999GY-3,531
9999GY*3,1241
B1422*,405
B1422-5,256
B1799*,466
B1799-4,126
B1799-5,310
B1799-6,79
B1799-9,282
B1799-F,83
B1799F*,549
B1799F-1*,285
B1799-R,143
B1799T-1*,247
B1799T-1*4,762
B1799T-1*5,888
B1799T-1*9,1045
B2008TF-1*,434
B2013DC-1*,223
B2013DC-4,81
B2013DC-9,148
B2013DC-R,65
B2013DC-T,44
B2013FFDC-1*,310
B2013PRDC-1*,255
B2013SBDC-1*,453
B2013TFDC-1*,264
B2043-1*,223
B2043-4,81
B2043-9,148
B2043FF-1*,308
B2043PR-1*,255
B2043-R,63
B2043SB-1*,453
B2043-T,45
B2043TF-1*,265
B2053FFW-1*,317
B2053PRW-1*,264
B2053SBW-1*,470
B2053TFW-1*,274
B2053W-1*,229
B2053W-4,83
B2053W-9,152
B2053W-R,65
B2053W-T,47
B2250-1*,507
B45*,181
B813T-1,229
B813TF-1,257
BF-14LEG,18
BF-14LEG*2,36
BF-1WET,266
BF-1WET*2,531
BF-1WQ,315
DRACK-QN,99
G30RD,26
G3636,39
G4272,72
G48RD,59
G5019,28
G5228,39
G5454,85
G54RD,80
H10076,68
H10081,110
H10125,123
H10128,73
H10130,77
H10490R,97
H10829,104
H11296,78
H11297,123
H11302,72
H11303,138
H11759,78
H11760,139
H11761,80
H11762,86
H11765*,231
H13441,62
H13475,81
H19743,105
MT-G08F,181
MT-G08Q,212
MT-G08T,134
MT-G10CT*2,351
MT-G10EK,336
MT-G10ET,178
MT-G10ET*2,355
MT-G10F,230
MT-G10Q,270
MT-G10T,170
MT-G12EK,404
MT-G12Q,326
